{
  "v": "5.6.3",
  "fr": 60,
  "ip": 0,
  "op": 120,
  "w": 800,
  "h": 600,
  "nm": "2-white-800x600",
  "ddd": 0,
  "assets": [
    {
      "id": "comp_0",
      "layers": [
        {
          "ddd": 0,
          "ind": 1,
          "ty": 4,
          "nm": "phone-speaker",
          "parent": 4,
          "sr": 1,
          "ks": {
            "o": {
              "a": 0,
              "k": 100,
              "ix": 11
            },
            "r": {
              "a": 0,
              "k": 0,
              "ix": 10
            },
            "p": {
              "a": 0,
              "k": [
                0.655,
                -23,
                0
              ],
              "ix": 2
            },
            "a": {
              "a": 0,
              "k": [
                0.655,
                -22.5,
                0
              ],
              "ix": 1
            },
            "s": {
              "a": 0,
              "k": [
                100,
                100,
                100
              ],
              "ix": 6
            }
          },
          "ao": 0,
          "shapes": [
            {
              "ty": "gr",
              "it": [
                {
                  "ind": 0,
                  "ty": "sh",
                  "ix": 1,
                  "ks": {
                    "a": 1,
                    "k": [
                      {
                        "i": {
                          "x": 0.34,
                          "y": 1
                        },
                        "o": {
                          "x": 0.884,
                          "y": 0
                        },
                        "t": 0,
                        "s": [
                          {
                            "i": [
                              [
                                0,
                                0
                              ],
                              [
                                0,
                                0
                              ]
                            ],
                            "o": [
                              [
                                0,
                                0
                              ],
                              [
                                0,
                                0
                              ]
                            ],
                            "v": [
                              [
                                -20.621,
                                -23.25
                              ],
                              [
                                21.93,
                                -23.25
                              ]
                            ],
                            "c": false
                          }
                        ]
                      },
                      {
                        "i": {
                          "x": 0.34,
                          "y": 1
                        },
                        "o": {
                          "x": 0.884,
                          "y": 0
                        },
                        "t": 60,
                        "s": [
                          {
                            "i": [
                              [
                                0,
                                0
                              ],
                              [
                                0,
                                0
                              ]
                            ],
                            "o": [
                              [
                                0,
                                0
                              ],
                              [
                                0,
                                0
                              ]
                            ],
                            "v": [
                              [
                                -14.496,
                                -0.5
                              ],
                              [
                                15.805,
                                -0.5
                              ]
                            ],
                            "c": false
                          }
                        ]
                      },
                      {
                        "t": 120,
                        "s": [
                          {
                            "i": [
                              [
                                0,
                                0
                              ],
                              [
                                0,
                                0
                              ]
                            ],
                            "o": [
                              [
                                0,
                                0
                              ],
                              [
                                0,
                                0
                              ]
                            ],
                            "v": [
                              [
                                -20.621,
                                -23.25
                              ],
                              [
                                21.93,
                                -23.25
                              ]
                            ],
                            "c": false
                          }
                        ]
                      }
                    ],
                    "ix": 2
                  },
                  "nm": "Path 1",
                  "mn": "ADBE Vector Shape - Group",
                  "hd": false
                },
                {
                  "ty": "st",
                  "c": {
                    "a": 0,
                    "k": [
                      0,
                      0.44313725490196076,
                      0.807843137254902,
                      1
                    ],
                    "ix": 3
                  },
                  "o": {
                    "a": 0,
                    "k": 100,
                    "ix": 4
                  },
                  "w": {
                    "a": 1,
                    "k": [
                      {
                        "i": {
                          "x": [
                            0.34
                          ],
                          "y": [
                            1
                          ]
                        },
                        "o": {
                          "x": [
                            0.884
                          ],
                          "y": [
                            0
                          ]
                        },
                        "t": 0,
                        "s": [
                          6
                        ]
                      },
                      {
                        "i": {
                          "x": [
                            0.34
                          ],
                          "y": [
                            1
                          ]
                        },
                        "o": {
                          "x": [
                            0.884
                          ],
                          "y": [
                            0
                          ]
                        },
                        "t": 60,
                        "s": [
                          4
                        ]
                      },
                      {
                        "t": 120,
                        "s": [
                          6
                        ]
                      }
                    ],
                    "ix": 5
                  },
                  "lc": 2,
                  "lj": 1,
                  "ml": 4,
                  "bm": 0,
                  "nm": "Stroke 1",
                  "mn": "ADBE Vector Graphic - Stroke",
                  "hd": false
                },
                {
                  "ty": "tr",
                  "p": {
                    "a": 0,
                    "k": [
                      0,
                      0
                    ],
                    "ix": 2
                  },
                  "a": {
                    "a": 0,
                    "k": [
                      0,
                      0
                    ],
                    "ix": 1
                  },
                  "s": {
                    "a": 0,
                    "k": [
                      100,
                      100
                    ],
                    "ix": 3
                  },
                  "r": {
                    "a": 0,
                    "k": 0,
                    "ix": 6
                  },
                  "o": {
                    "a": 0,
                    "k": 100,
                    "ix": 7
                  },
                  "sk": {
                    "a": 0,
                    "k": 0,
                    "ix": 4
                  },
                  "sa": {
                    "a": 0,
                    "k": 0,
                    "ix": 5
                  },
                  "nm": "Transform"
                }
              ],
              "nm": "Group 1",
              "np": 2,
              "cix": 2,
              "bm": 0,
              "ix": 1,
              "mn": "ADBE Vector Group",
              "hd": false
            }
          ],
          "ip": 0,
          "op": 120,
          "st": 0,
          "bm": 0
        },
        {
          "ddd": 0,
          "ind": 2,
          "ty": 4,
          "nm": "phone-screen",
          "parent": 4,
          "sr": 1,
          "ks": {
            "o": {
              "a": 0,
              "k": 100,
              "ix": 11
            },
            "r": {
              "a": 0,
              "k": 0,
              "ix": 10
            },
            "p": {
              "a": 0,
              "k": [
                0,
                -9.598,
                0
              ],
              "ix": 2
            },
            "a": {
              "a": 0,
              "k": [
                0,
                -9.598,
                0
              ],
              "ix": 1
            },
            "s": {
              "a": 0,
              "k": [
                100,
                100,
                100
              ],
              "ix": 6
            }
          },
          "ao": 0,
          "shapes": [
            {
              "ty": "gr",
              "it": [
                {
                  "ind": 0,
                  "ty": "sh",
                  "ix": 1,
                  "ks": {
                    "a": 1,
                    "k": [
                      {
                        "i": {
                          "x": 0.34,
                          "y": 1
                        },
                        "o": {
                          "x": 0.884,
                          "y": 0
                        },
                        "t": 0,
                        "s": [
                          {
                            "i": [
                              [
                                0,
                                0
                              ],
                              [
                                0,
                                0
                              ]
                            ],
                            "o": [
                              [
                                0,
                                0
                              ],
                              [
                                0,
                                0
                              ]
                            ],
                            "v": [
                              [
                                -66.235,
                                -9.598
                              ],
                              [
                                66.236,
                                -9.598
                              ]
                            ],
                            "c": false
                          }
                        ]
                      },
                      {
                        "i": {
                          "x": 0.34,
                          "y": 1
                        },
                        "o": {
                          "x": 0.884,
                          "y": 0
                        },
                        "t": 60,
                        "s": [
                          {
                            "i": [
                              [
                                0,
                                0
                              ],
                              [
                                0,
                                0
                              ]
                            ],
                            "o": [
                              [
                                0,
                                0
                              ],
                              [
                                0,
                                0
                              ]
                            ],
                            "v": [
                              [
                                -61.86,
                                12.277
                              ],
                              [
                                61.861,
                                12.277
                              ]
                            ],
                            "c": false
                          }
                        ]
                      },
                      {
                        "t": 120,
                        "s": [
                          {
                            "i": [
                              [
                                0,
                                0
                              ],
                              [
                                0,
                                0
                              ]
                            ],
                            "o": [
                              [
                                0,
                                0
                              ],
                              [
                                0,
                                0
                              ]
                            ],
                            "v": [
                              [
                                -66.235,
                                -9.598
                              ],
                              [
                                66.236,
                                -9.598
                              ]
                            ],
                            "c": false
                          }
                        ]
                      }
                    ],
                    "ix": 2
                  },
                  "nm": "Path 1",
                  "mn": "ADBE Vector Shape - Group",
                  "hd": false
                },
                {
                  "ty": "st",
                  "c": {
                    "a": 0,
                    "k": [
                      0,
                      0.44313725490196076,
                      0.807843137254902,
                      1
                    ],
                    "ix": 3
                  },
                  "o": {
                    "a": 0,
                    "k": 100,
                    "ix": 4
                  },
                  "w": {
                    "a": 1,
                    "k": [
                      {
                        "i": {
                          "x": [
                            0.34
                          ],
                          "y": [
                            1
                          ]
                        },
                        "o": {
                          "x": [
                            0.884
                          ],
                          "y": [
                            0
                          ]
                        },
                        "t": 0,
                        "s": [
                          8
                        ]
                      },
                      {
                        "i": {
                          "x": [
                            0.34
                          ],
                          "y": [
                            1
                          ]
                        },
                        "o": {
                          "x": [
                            0.884
                          ],
                          "y": [
                            0
                          ]
                        },
                        "t": 60,
                        "s": [
                          4
                        ]
                      },
                      {
                        "t": 120,
                        "s": [
                          8
                        ]
                      }
                    ],
                    "ix": 5
                  },
                  "lc": 1,
                  "lj": 1,
                  "ml": 4,
                  "bm": 0,
                  "nm": "Stroke 1",
                  "mn": "ADBE Vector Graphic - Stroke",
                  "hd": false
                },
                {
                  "ty": "tr",
                  "p": {
                    "a": 0,
                    "k": [
                      0,
                      -2.5
                    ],
                    "ix": 2
                  },
                  "a": {
                    "a": 0,
                    "k": [
                      0,
                      0
                    ],
                    "ix": 1
                  },
                  "s": {
                    "a": 0,
                    "k": [
                      100,
                      100
                    ],
                    "ix": 3
                  },
                  "r": {
                    "a": 0,
                    "k": 0,
                    "ix": 6
                  },
                  "o": {
                    "a": 0,
                    "k": 100,
                    "ix": 7
                  },
                  "sk": {
                    "a": 0,
                    "k": 0,
                    "ix": 4
                  },
                  "sa": {
                    "a": 0,
                    "k": 0,
                    "ix": 5
                  },
                  "nm": "Transform"
                }
              ],
              "nm": "Group 1",
              "np": 2,
              "cix": 2,
              "bm": 0,
              "ix": 1,
              "mn": "ADBE Vector Group",
              "hd": false
            }
          ],
          "ip": 0,
          "op": 120,
          "st": 0,
          "bm": 0
        },
        {
          "ddd": 0,
          "ind": 3,
          "ty": 4,
          "nm": "phone-mask",
          "td": 1,
          "sr": 1,
          "ks": {
            "o": {
              "a": 0,
              "k": 100,
              "ix": 11
            },
            "r": {
              "a": 0,
              "k": 0,
              "ix": 10
            },
            "p": {
              "a": 0,
              "k": [
                200,
                200,
                0
              ],
              "ix": 2
            },
            "a": {
              "a": 0,
              "k": [
                -467.836,
                -2.947,
                0
              ],
              "ix": 1
            },
            "s": {
              "a": 0,
              "k": [
                100,
                100,
                100
              ],
              "ix": 6
            }
          },
          "ao": 0,
          "shapes": [
            {
              "ty": "gr",
              "it": [
                {
                  "ind": 0,
                  "ty": "sh",
                  "ix": 1,
                  "ks": {
                    "a": 0,
                    "k": {
                      "i": [
                        [
                          -82.843,
                          0
                        ],
                        [
                          0,
                          -82.843
                        ],
                        [
                          82.843,
                          0
                        ],
                        [
                          0,
                          82.843
                        ]
                      ],
                      "o": [
                        [
                          82.843,
                          0
                        ],
                        [
                          0,
                          82.843
                        ],
                        [
                          -82.843,
                          0
                        ],
                        [
                          0,
                          -82.843
                        ]
                      ],
                      "v": [
                        [
                          -467.836,
                          -152.947
                        ],
                        [
                          -317.836,
                          -2.947
                        ],
                        [
                          -467.836,
                          147.053
                        ],
                        [
                          -617.836,
                          -2.947
                        ]
                      ],
                      "c": true
                    },
                    "ix": 2
                  },
                  "nm": "Path 1",
                  "mn": "ADBE Vector Shape - Group",
                  "hd": false
                },
                {
                  "ty": "fl",
                  "c": {
                    "a": 0,
                    "k": [
                      0,
                      0.44313725490196076,
                      0.807843137254902,
                      1
                    ],
                    "ix": 4
                  },
                  "o": {
                    "a": 0,
                    "k": 100,
                    "ix": 5
                  },
                  "r": 1,
                  "bm": 0,
                  "nm": "Fill 1",
                  "mn": "ADBE Vector Graphic - Fill",
                  "hd": false
                },
                {
                  "ty": "tr",
                  "p": {
                    "a": 0,
                    "k": [
                      0,
                      0
                    ],
                    "ix": 2
                  },
                  "a": {
                    "a": 0,
                    "k": [
                      0,
                      0
                    ],
                    "ix": 1
                  },
                  "s": {
                    "a": 0,
                    "k": [
                      100,
                      100
                    ],
                    "ix": 3
                  },
                  "r": {
                    "a": 0,
                    "k": 0,
                    "ix": 6
                  },
                  "o": {
                    "a": 0,
                    "k": 100,
                    "ix": 7
                  },
                  "sk": {
                    "a": 0,
                    "k": 0,
                    "ix": 4
                  },
                  "sa": {
                    "a": 0,
                    "k": 0,
                    "ix": 5
                  },
                  "nm": "Transform"
                }
              ],
              "nm": "Oval",
              "np": 3,
              "cix": 2,
              "bm": 0,
              "ix": 1,
              "mn": "ADBE Vector Group",
              "hd": false
            }
          ],
          "ip": 0,
          "op": 120,
          "st": 0,
          "bm": 0
        },
        {
          "ddd": 0,
          "ind": 4,
          "ty": 4,
          "nm": "phone-outline",
          "tt": 1,
          "sr": 1,
          "ks": {
            "o": {
              "a": 0,
              "k": 100,
              "ix": 11
            },
            "r": {
              "a": 0,
              "k": 0,
              "ix": 10
            },
            "p": {
              "a": 0,
              "k": [
                200,
                414,
                0
              ],
              "ix": 2
            },
            "a": {
              "a": 0,
              "k": [
                0,
                214,
                0
              ],
              "ix": 1
            },
            "s": {
              "a": 0,
              "k": [
                100,
                100,
                100
              ],
              "ix": 6
            }
          },
          "ao": 0,
          "hasMask": true,
          "masksProperties": [
            {
              "inv": false,
              "mode": "a",
              "pt": {
                "a": 0,
                "k": {
                  "i": [
                    [
                      -82.843,
                      0
                    ],
                    [
                      0,
                      -82.843
                    ],
                    [
                      82.843,
                      0
                    ],
                    [
                      0,
                      82.843
                    ]
                  ],
                  "o": [
                    [
                      82.843,
                      0
                    ],
                    [
                      0,
                      82.843
                    ],
                    [
                      -82.843,
                      0
                    ],
                    [
                      0,
                      -82.843
                    ]
                  ],
                  "v": [
                    [
                      0.354,
                      -150.342
                    ],
                    [
                      150.354,
                      -0.342
                    ],
                    [
                      0.354,
                      149.658
                    ],
                    [
                      -149.646,
                      -0.342
                    ]
                  ],
                  "c": true
                },
                "ix": 1
              },
              "o": {
                "a": 0,
                "k": 100,
                "ix": 3
              },
              "x": {
                "a": 0,
                "k": 0,
                "ix": 4
              },
              "nm": "Mask 1"
            }
          ],
          "shapes": [
            {
              "ty": "gr",
              "it": [
                {
                  "ind": 0,
                  "ty": "sh",
                  "ix": 1,
                  "ks": {
                    "a": 1,
                    "k": [
                      {
                        "i": {
                          "x": 0.34,
                          "y": 1
                        },
                        "o": {
                          "x": 0.884,
                          "y": 0
                        },
                        "t": 0,
                        "s": [
                          {
                            "i": [
                              [
                                8.455,
                                0
                              ],
                              [
                                0,
                                0
                              ],
                              [
                                0,
                                8.455
                              ],
                              [
                                0,
                                0
                              ],
                              [
                                -8.455,
                                0
                              ],
                              [
                                0,
                                0
                              ],
                              [
                                0,
                                -8.455
                              ],
                              [
                                0,
                                0
                              ]
                            ],
                            "o": [
                              [
                                0,
                                0
                              ],
                              [
                                -8.455,
                                0
                              ],
                              [
                                0,
                                0
                              ],
                              [
                                0,
                                -8.455
                              ],
                              [
                                0,
                                0
                              ],
                              [
                                8.455,
                                0
                              ],
                              [
                                0,
                                0
                              ],
                              [
                                0,
                                8.455
                              ]
                            ],
                            "v": [
                              [
                                53.691,
                                210
                              ],
                              [
                                -53.691,
                                210
                              ],
                              [
                                -69,
                                194.691
                              ],
                              [
                                -69,
                                -20.691
                              ],
                              [
                                -53.691,
                                -36
                              ],
                              [
                                53.691,
                                -36
                              ],
                              [
                                69,
                                -20.691
                              ],
                              [
                                69,
                                194.691
                              ]
                            ],
                            "c": true
                          }
                        ]
                      },
                      {
                        "i": {
                          "x": 0.34,
                          "y": 1
                        },
                        "o": {
                          "x": 0.884,
                          "y": 0
                        },
                        "t": 60,
                        "s": [
                          {
                            "i": [
                              [
                                8.455,
                                0
                              ],
                              [
                                0,
                                0
                              ],
                              [
                                0,
                                8.455
                              ],
                              [
                                0,
                                0
                              ],
                              [
                                -8.455,
                                0
                              ],
                              [
                                0,
                                0
                              ],
                              [
                                0,
                                -8.455
                              ],
                              [
                                0,
                                0
                              ]
                            ],
                            "o": [
                              [
                                0,
                                0
                              ],
                              [
                                -8.455,
                                0
                              ],
                              [
                                0,
                                0
                              ],
                              [
                                0,
                                -8.455
                              ],
                              [
                                0,
                                0
                              ],
                              [
                                8.455,
                                0
                              ],
                              [
                                0,
                                0
                              ],
                              [
                                0,
                                8.455
                              ]
                            ],
                            "v": [
                              [
                                53.691,
                                210
                              ],
                              [
                                -53.691,
                                210
                              ],
                              [
                                -69,
                                194.691
                              ],
                              [
                                -59,
                                6.121
                              ],
                              [
                                -43.691,
                                -9.188
                              ],
                              [
                                43.691,
                                -9.188
                              ],
                              [
                                59,
                                6.121
                              ],
                              [
                                69,
                                194.691
                              ]
                            ],
                            "c": true
                          }
                        ]
                      },
                      {
                        "t": 120,
                        "s": [
                          {
                            "i": [
                              [
                                8.455,
                                0
                              ],
                              [
                                0,
                                0
                              ],
                              [
                                0,
                                8.455
                              ],
                              [
                                0,
                                0
                              ],
                              [
                                -8.455,
                                0
                              ],
                              [
                                0,
                                0
                              ],
                              [
                                0,
                                -8.455
                              ],
                              [
                                0,
                                0
                              ]
                            ],
                            "o": [
                              [
                                0,
                                0
                              ],
                              [
                                -8.455,
                                0
                              ],
                              [
                                0,
                                0
                              ],
                              [
                                0,
                                -8.455
                              ],
                              [
                                0,
                                0
                              ],
                              [
                                8.455,
                                0
                              ],
                              [
                                0,
                                0
                              ],
                              [
                                0,
                                8.455
                              ]
                            ],
                            "v": [
                              [
                                53.691,
                                210
                              ],
                              [
                                -53.691,
                                210
                              ],
                              [
                                -69,
                                194.691
                              ],
                              [
                                -69,
                                -20.691
                              ],
                              [
                                -53.691,
                                -36
                              ],
                              [
                                53.691,
                                -36
                              ],
                              [
                                69,
                                -20.691
                              ],
                              [
                                69,
                                194.691
                              ]
                            ],
                            "c": true
                          }
                        ]
                      }
                    ],
                    "ix": 2
                  },
                  "nm": "Path 1",
                  "mn": "ADBE Vector Shape - Group",
                  "hd": false
                },
                {
                  "ty": "st",
                  "c": {
                    "a": 0,
                    "k": [
                      0,
                      0.44313725490196076,
                      0.807843137254902,
                      1
                    ],
                    "ix": 3
                  },
                  "o": {
                    "a": 0,
                    "k": 100,
                    "ix": 4
                  },
                  "w": {
                    "a": 0,
                    "k": 8,
                    "ix": 5
                  },
                  "lc": 1,
                  "lj": 1,
                  "ml": 4,
                  "bm": 0,
                  "nm": "Stroke 1",
                  "mn": "ADBE Vector Graphic - Stroke",
                  "hd": false
                },
                {
                  "ty": "tr",
                  "p": {
                    "a": 0,
                    "k": [
                      0,
                      0
                    ],
                    "ix": 2
                  },
                  "a": {
                    "a": 0,
                    "k": [
                      0,
                      0
                    ],
                    "ix": 1
                  },
                  "s": {
                    "a": 0,
                    "k": [
                      100,
                      100
                    ],
                    "ix": 3
                  },
                  "r": {
                    "a": 0,
                    "k": 0,
                    "ix": 6
                  },
                  "o": {
                    "a": 0,
                    "k": 100,
                    "ix": 7
                  },
                  "sk": {
                    "a": 0,
                    "k": 0,
                    "ix": 4
                  },
                  "sa": {
                    "a": 0,
                    "k": 0,
                    "ix": 5
                  },
                  "nm": "Transform"
                }
              ],
              "nm": "Group 1",
              "np": 2,
              "cix": 2,
              "bm": 0,
              "ix": 1,
              "mn": "ADBE Vector Group",
              "hd": false
            }
          ],
          "ip": 0,
          "op": 120,
          "st": 0,
          "bm": 0
        },
        {
          "ddd": 0,
          "ind": 5,
          "ty": 4,
          "nm": "phone-shine",
          "sr": 1,
          "ks": {
            "o": {
              "a": 0,
              "k": 32,
              "ix": 11
            },
            "r": {
              "a": 0,
              "k": 0,
              "ix": 10
            },
            "p": {
              "a": 0,
              "k": [
                207,
                286.5,
                0
              ],
              "ix": 2
            },
            "a": {
              "a": 0,
              "k": [
                7,
                86.5,
                0
              ],
              "ix": 1
            },
            "s": {
              "a": 0,
              "k": [
                100,
                100,
                100
              ],
              "ix": 6
            }
          },
          "ao": 0,
          "hasMask": true,
          "masksProperties": [
            {
              "inv": false,
              "mode": "a",
              "pt": {
                "a": 0,
                "k": {
                  "i": [
                    [
                      -82.843,
                      0
                    ],
                    [
                      0,
                      -82.843
                    ],
                    [
                      82.843,
                      0
                    ],
                    [
                      0,
                      82.843
                    ]
                  ],
                  "o": [
                    [
                      82.843,
                      0
                    ],
                    [
                      0,
                      82.843
                    ],
                    [
                      -82.843,
                      0
                    ],
                    [
                      0,
                      -82.843
                    ]
                  ],
                  "v": [
                    [
                      0.354,
                      -150.342
                    ],
                    [
                      150.354,
                      -0.342
                    ],
                    [
                      0.354,
                      149.658
                    ],
                    [
                      -149.646,
                      -0.342
                    ]
                  ],
                  "c": true
                },
                "ix": 1
              },
              "o": {
                "a": 0,
                "k": 100,
                "ix": 3
              },
              "x": {
                "a": 0,
                "k": 0,
                "ix": 4
              },
              "nm": "Mask 1"
            }
          ],
          "shapes": [
            {
              "ty": "gr",
              "it": [
                {
                  "ind": 0,
                  "ty": "sh",
                  "ix": 1,
                  "ks": {
                    "a": 1,
                    "k": [
                      {
                        "i": {
                          "x": 0.833,
                          "y": 0.833
                        },
                        "o": {
                          "x": 0.884,
                          "y": 0
                        },
                        "t": 0,
                        "s": [
                          {
                            "i": [
                              [
                                0,
                                0
                              ],
                              [
                                0,
                                0
                              ],
                              [
                                0,
                                0
                              ],
                              [
                                0,
                                0
                              ]
                            ],
                            "o": [
                              [
                                0,
                                0
                              ],
                              [
                                0,
                                0
                              ],
                              [
                                0,
                                0
                              ],
                              [
                                0,
                                0
                              ]
                            ],
                            "v": [
                              [
                                66,
                                -12
                              ],
                              [
                                67,
                                64.5
                              ],
                              [
                                68.75,
                                -12.5
                              ],
                              [
                                66.164,
                                -12.03
                              ]
                            ],
                            "c": true
                          }
                        ]
                      },
                      {
                        "i": {
                          "x": 0.833,
                          "y": 0.833
                        },
                        "o": {
                          "x": 0.167,
                          "y": 0.167
                        },
                        "t": 41,
                        "s": [
                          {
                            "i": [
                              [
                                0,
                                0
                              ],
                              [
                                0,
                                0
                              ],
                              [
                                0,
                                0
                              ],
                              [
                                0,
                                0
                              ]
                            ],
                            "o": [
                              [
                                0,
                                0
                              ],
                              [
                                0,
                                0
                              ],
                              [
                                0,
                                0
                              ],
                              [
                                0,
                                0
                              ]
                            ],
                            "v": [
                              [
                                -62.682,
                                4.808
                              ],
                              [
                                67,
                                138
                              ],
                              [
                                64.808,
                                5.91
                              ],
                              [
                                -57.847,
                                5.279
                              ]
                            ],
                            "c": true
                          }
                        ]
                      },
                      {
                        "i": {
                          "x": 0.833,
                          "y": 0.833
                        },
                        "o": {
                          "x": 0.167,
                          "y": 0.167
                        },
                        "t": 47,
                        "s": [
                          {
                            "i": [
                              [
                                0,
                                0
                              ],
                              [
                                0,
                                0
                              ],
                              [
                                0,
                                0
                              ],
                              [
                                0,
                                0
                              ]
                            ],
                            "o": [
                              [
                                0,
                                0
                              ],
                              [
                                0,
                                0
                              ],
                              [
                                0,
                                0
                              ],
                              [
                                0,
                                0
                              ]
                            ],
                            "v": [
                              [
                                -61.389,
                                30.725
                              ],
                              [
                                67,
                                138
                              ],
                              [
                                61.751,
                                7.934
                              ],
                              [
                                -62.269,
                                6.757
                              ]
                            ],
                            "c": true
                          }
                        ]
                      },
                      {
                        "i": {
                          "x": 0.34,
                          "y": 1
                        },
                        "o": {
                          "x": 0.167,
                          "y": 0.167
                        },
                        "t": 51,
                        "s": [
                          {
                            "i": [
                              [
                                0,
                                0
                              ],
                              [
                                0,
                                0
                              ],
                              [
                                0,
                                0
                              ],
                              [
                                0,
                                0
                              ]
                            ],
                            "o": [
                              [
                                0,
                                0
                              ],
                              [
                                0,
                                0
                              ],
                              [
                                0,
                                0
                              ],
                              [
                                0,
                                0
                              ]
                            ],
                            "v": [
                              [
                                -60.527,
                                48.003
                              ],
                              [
                                67,
                                138
                              ],
                              [
                                59.712,
                                9.283
                              ],
                              [
                                -60.05,
                                7.584
                              ]
                            ],
                            "c": true
                          }
                        ]
                      },
                      {
                        "i": {
                          "x": 0.833,
                          "y": 0.833
                        },
                        "o": {
                          "x": 0.884,
                          "y": 0
                        },
                        "t": 60,
                        "s": [
                          {
                            "i": [
                              [
                                0,
                                0
                              ],
                              [
                                0,
                                0
                              ],
                              [
                                0,
                                0
                              ],
                              [
                                0,
                                0
                              ]
                            ],
                            "o": [
                              [
                                0,
                                0
                              ],
                              [
                                0,
                                0
                              ],
                              [
                                0,
                                0
                              ],
                              [
                                0,
                                0
                              ]
                            ],
                            "v": [
                              [
                                -60.25,
                                53
                              ],
                              [
                                67,
                                138
                              ],
                              [
                                59,
                                11
                              ],
                              [
                                -59.749,
                                9.399
                              ]
                            ],
                            "c": true
                          }
                        ]
                      },
                      {
                        "i": {
                          "x": 0.833,
                          "y": 0.833
                        },
                        "o": {
                          "x": 0.167,
                          "y": 0.167
                        },
                        "t": 80,
                        "s": [
                          {
                            "i": [
                              [
                                0,
                                0
                              ],
                              [
                                0,
                                0
                              ],
                              [
                                0,
                                0
                              ],
                              [
                                0,
                                0
                              ]
                            ],
                            "o": [
                              [
                                0,
                                0
                              ],
                              [
                                0,
                                0
                              ],
                              [
                                0,
                                0
                              ],
                              [
                                0,
                                0
                              ]
                            ],
                            "v": [
                              [
                                -60.527,
                                48.003
                              ],
                              [
                                67,
                                138
                              ],
                              [
                                59.712,
                                9.283
                              ],
                              [
                                -60.05,
                                7.584
                              ]
                            ],
                            "c": true
                          }
                        ]
                      },
                      {
                        "i": {
                          "x": 0.833,
                          "y": 0.833
                        },
                        "o": {
                          "x": 0.167,
                          "y": 0.167
                        },
                        "t": 84,
                        "s": [
                          {
                            "i": [
                              [
                                0,
                                0
                              ],
                              [
                                0,
                                0
                              ],
                              [
                                0,
                                0
                              ],
                              [
                                0,
                                0
                              ]
                            ],
                            "o": [
                              [
                                0,
                                0
                              ],
                              [
                                0,
                                0
                              ],
                              [
                                0,
                                0
                              ],
                              [
                                0,
                                0
                              ]
                            ],
                            "v": [
                              [
                                -61.389,
                                30.725
                              ],
                              [
                                67,
                                138
                              ],
                              [
                                61.751,
                                7.934
                              ],
                              [
                                -62.269,
                                6.757
                              ]
                            ],
                            "c": true
                          }
                        ]
                      },
                      {
                        "i": {
                          "x": 0.34,
                          "y": 1
                        },
                        "o": {
                          "x": 0.167,
                          "y": 0.167
                        },
                        "t": 90,
                        "s": [
                          {
                            "i": [
                              [
                                0,
                                0
                              ],
                              [
                                0,
                                0
                              ],
                              [
                                0,
                                0
                              ],
                              [
                                0,
                                0
                              ]
                            ],
                            "o": [
                              [
                                0,
                                0
                              ],
                              [
                                0,
                                0
                              ],
                              [
                                0,
                                0
                              ],
                              [
                                0,
                                0
                              ]
                            ],
                            "v": [
                              [
                                -62.682,
                                4.808
                              ],
                              [
                                67,
                                138
                              ],
                              [
                                64.808,
                                5.91
                              ],
                              [
                                -57.847,
                                5.279
                              ]
                            ],
                            "c": true
                          }
                        ]
                      },
                      {
                        "t": 120,
                        "s": [
                          {
                            "i": [
                              [
                                0,
                                0
                              ],
                              [
                                0,
                                0
                              ],
                              [
                                0,
                                0
                              ],
                              [
                                0,
                                0
                              ]
                            ],
                            "o": [
                              [
                                0,
                                0
                              ],
                              [
                                0,
                                0
                              ],
                              [
                                0,
                                0
                              ],
                              [
                                0,
                                0
                              ]
                            ],
                            "v": [
                              [
                                66,
                                -12
                              ],
                              [
                                67,
                                138
                              ],
                              [
                                68.75,
                                -12.5
                              ],
                              [
                                66.164,
                                -12.03
                              ]
                            ],
                            "c": true
                          }
                        ]
                      }
                    ],
                    "ix": 2
                  },
                  "nm": "Path 1",
                  "mn": "ADBE Vector Shape - Group",
                  "hd": false
                },
                {
                  "ty": "fl",
                  "c": {
                    "a": 0,
                    "k": [
                      0,
                      0.44313725490196076,
                      0.807843137254902,
                      1
                    ],
                    "ix": 4
                  },
                  "o": {
                    "a": 0,
                    "k": 100,
                    "ix": 5
                  },
                  "r": 1,
                  "bm": 0,
                  "nm": "Fill 1",
                  "mn": "ADBE Vector Graphic - Fill",
                  "hd": false
                },
                {
                  "ty": "tr",
                  "p": {
                    "a": 0,
                    "k": [
                      0,
                      0
                    ],
                    "ix": 2
                  },
                  "a": {
                    "a": 0,
                    "k": [
                      0,
                      0
                    ],
                    "ix": 1
                  },
                  "s": {
                    "a": 0,
                    "k": [
                      100,
                      100
                    ],
                    "ix": 3
                  },
                  "r": {
                    "a": 0,
                    "k": 0,
                    "ix": 6
                  },
                  "o": {
                    "a": 0,
                    "k": 100,
                    "ix": 7
                  },
                  "sk": {
                    "a": 0,
                    "k": 0,
                    "ix": 4
                  },
                  "sa": {
                    "a": 0,
                    "k": 0,
                    "ix": 5
                  },
                  "nm": "Transform"
                }
              ],
              "nm": "Rectangle",
              "np": 2,
              "cix": 2,
              "bm": 0,
              "ix": 1,
              "mn": "ADBE Vector Group",
              "hd": false
            }
          ],
          "ip": 0,
          "op": 120,
          "st": 0,
          "bm": 0
        },
        {
          "ddd": 0,
          "ind": 6,
          "ty": 4,
          "nm": "outline",
          "sr": 1,
          "ks": {
            "o": {
              "a": 0,
              "k": 100,
              "ix": 11
            },
            "r": {
              "a": 0,
              "k": 0,
              "ix": 10,
              "x": "var $bm_rt;\n$bm_rt = transform.rotation;"
            },
            "p": {
              "a": 0,
              "k": [
                200,
                200,
                0
              ],
              "ix": 2
            },
            "a": {
              "a": 0,
              "k": [
                0,
                0,
                0
              ],
              "ix": 1
            },
            "s": {
              "a": 0,
              "k": [
                100,
                100,
                100
              ],
              "ix": 6
            }
          },
          "ao": 0,
          "shapes": [
            {
              "ty": "gr",
              "it": [
                {
                  "d": 1,
                  "ty": "el",
                  "s": {
                    "a": 0,
                    "k": [
                      308,
                      308
                    ],
                    "ix": 2,
                    "x": "var $bm_rt;\n$bm_rt = content('Group 1').content('Ellipse Path 1').size;"
                  },
                  "p": {
                    "a": 0,
                    "k": [
                      0,
                      0
                    ],
                    "ix": 3
                  },
                  "nm": "Ellipse Path 1",
                  "mn": "ADBE Vector Shape - Ellipse",
                  "hd": false
                },
                {
                  "ty": "st",
                  "c": {
                    "a": 0,
                    "k": [
                      0,
                      0.44313725490196076,
                      0.807843137254902,
                      1
                    ],
                    "ix": 3
                  },
                  "o": {
                    "a": 0,
                    "k": 100,
                    "ix": 4
                  },
                  "w": {
                    "a": 0,
                    "k": 8,
                    "ix": 5
                  },
                  "lc": 2,
                  "lj": 1,
                  "ml": 10,
                  "bm": 0,
                  "nm": "Stroke 1",
                  "mn": "ADBE Vector Graphic - Stroke",
                  "hd": false
                },
                {
                  "ty": "tr",
                  "p": {
                    "a": 0,
                    "k": [
                      0,
                      0
                    ],
                    "ix": 2
                  },
                  "a": {
                    "a": 0,
                    "k": [
                      0,
                      0
                    ],
                    "ix": 1
                  },
                  "s": {
                    "a": 0,
                    "k": [
                      100,
                      100
                    ],
                    "ix": 3
                  },
                  "r": {
                    "a": 0,
                    "k": 0,
                    "ix": 6
                  },
                  "o": {
                    "a": 0,
                    "k": 100,
                    "ix": 7
                  },
                  "sk": {
                    "a": 0,
                    "k": 0,
                    "ix": 4
                  },
                  "sa": {
                    "a": 0,
                    "k": 0,
                    "ix": 5
                  },
                  "nm": "Transform"
                }
              ],
              "nm": "Group 1",
              "np": 3,
              "cix": 2,
              "bm": 0,
              "ix": 1,
              "mn": "ADBE Vector Group",
              "hd": false
            },
            {
              "ty": "tm",
              "s": {
                "a": 0,
                "k": 0,
                "ix": 1
              },
              "e": {
                "a": 0,
                "k": 100,
                "ix": 2
              },
              "o": {
                "a": 0,
                "k": 0,
                "ix": 3
              },
              "m": 1,
              "ix": 2,
              "nm": "Trim Paths 1",
              "mn": "ADBE Vector Filter - Trim",
              "hd": false
            }
          ],
          "ip": 0,
          "op": 120,
          "st": 0,
          "bm": 0
        }
      ]
    }
  ],
  "layers": [
    {
      "ddd": 0,
      "ind": 1,
      "ty": 0,
      "nm": "1-white",
      "refId": "comp_0",
      "sr": 1,
      "ks": {
        "o": {
          "a": 0,
          "k": 100,
          "ix": 11
        },
        "r": {
          "a": 0,
          "k": 0,
          "ix": 10
        },
        "p": {
          "a": 0,
          "k": [
            400,
            300,
            0
          ],
          "ix": 2
        },
        "a": {
          "a": 0,
          "k": [
            200,
            200,
            0
          ],
          "ix": 1
        },
        "s": {
          "a": 0,
          "k": [
            100,
            100,
            100
          ],
          "ix": 6
        }
      },
      "ao": 0,
      "w": 400,
      "h": 400,
      "ip": 0,
      "op": 120,
      "st": 0,
      "bm": 0
    }
  ],
  "markers": []
}