{
  "v": "5.7.1",
  "fr": 29.9700012207031,
  "ip": 0,
  "op": 52.0000021180034,
  "w": 370,
  "h": 370,
  "nm": "error_anim",
  "ddd": 0,
  "assets": [],
  "layers": [
    {
      "ddd": 0,
      "ind": 1,
      "ty": 4,
      "nm": "dot Outlines",
      "sr": 1,
      "ks": {
        "o": {
          "a": 0,
          "k": 100,
          "ix": 11
        },
        "r": {
          "a": 0,
          "k": 0,
          "ix": 10
        },
        "p": {
          "a": 1,
          "k": [
            {
              "i": {
                "x": 0.717,
                "y": 0.131
              },
              "o": {
                "x": 0.167,
                "y": 0.167
              },
              "t": 0,
              "s": [
                184.555,
                279.496,
                0
              ],
              "to": [
                0.007,
                0.001,
                0
              ],
              "ti": [
                -0.005,
                -5.494,
                0
              ]
            },
            {
              "i": {
                "x": 0.833,
                "y": 0.833
              },
              "o": {
                "x": 1,
                "y": 0.663
              },
              "t": 32,
              "s": [
                184.599,
                232.169,
                0
              ],
              "to": [
                0,
                0.452,
                0
              ],
              "ti": [
                0,
                -0.633,
                0
              ]
            },
            {
              "t": 39.0000015885026,
              "s": [
                184.6,
                279.5,
                0
              ]
            }
          ],
          "ix": 2
        },
        "a": {
          "a": 0,
          "k": [
            15,
            15.26,
            0
          ],
          "ix": 1
        },
        "s": {
          "a": 1,
          "k": [
            {
              "i": {
                "x": [
                  0.833,
                  0.833,
                  0.833
                ],
                "y": [
                  0.833,
                  0.833,
                  0.833
                ]
              },
              "o": {
                "x": [
                  0.167,
                  0.167,
                  0.167
                ],
                "y": [
                  0.167,
                  0.167,
                  0.167
                ]
              },
              "t": 31,
              "s": [
                0,
                0,
                100
              ]
            },
            {
              "t": 32.0000013033867,
              "s": [
                100,
                100,
                100
              ]
            }
          ],
          "ix": 6
        }
      },
      "ao": 0,
      "sy": [
        {
          "c": {
            "a": 0,
            "k": [
              0,
              0,
              0,
              1
            ],
            "ix": 2
          },
          "o": {
            "a": 0,
            "k": 75,
            "ix": 3
          },
          "a": {
            "a": 0,
            "k": 120,
            "ix": 5
          },
          "s": {
            "a": 0,
            "k": 5,
            "ix": 8
          },
          "d": {
            "a": 0,
            "k": 5,
            "ix": 6
          },
          "ch": {
            "a": 0,
            "k": 0,
            "ix": 7
          },
          "bm": {
            "a": 0,
            "k": 5,
            "ix": 1
          },
          "no": {
            "a": 0,
            "k": 0,
            "ix": 9
          },
          "lc": {
            "a": 0,
            "k": 1,
            "ix": 10
          },
          "ty": 1,
          "nm": "Drop Shadow"
        },
        {
          "c": {
            "a": 0,
            "k": [
              0,
              0,
              0,
              1
            ],
            "ix": 2
          },
          "o": {
            "a": 0,
            "k": 75,
            "ix": 3
          },
          "a": {
            "a": 0,
            "k": 120,
            "ix": 5
          },
          "s": {
            "a": 0,
            "k": 5,
            "ix": 8
          },
          "d": {
            "a": 0,
            "k": 5,
            "ix": 6
          },
          "ch": {
            "a": 0,
            "k": 0,
            "ix": 7
          },
          "bm": {
            "a": 0,
            "k": 5,
            "ix": 1
          },
          "no": {
            "a": 0,
            "k": 0,
            "ix": 9
          },
          "ty": 2,
          "nm": "Inner Shadow"
        },
        {
          "c": {
            "a": 0,
            "k": [
              1,
              1,
              0.745098039216,
              1
            ],
            "ix": 5
          },
          "o": {
            "a": 0,
            "k": 75,
            "ix": 2
          },
          "s": {
            "a": 0,
            "k": 5,
            "ix": 10
          },
          "r": {
            "a": 0,
            "k": 50,
            "ix": 11
          },
          "ch": {
            "a": 0,
            "k": 0,
            "ix": 9
          },
          "bm": {
            "a": 0,
            "k": 11,
            "ix": 1
          },
          "no": {
            "a": 0,
            "k": 0,
            "ix": 3
          },
          "j": {
            "a": 0,
            "k": 0,
            "ix": 12
          },
          "ty": 3,
          "nm": "Outer Glow"
        },
        {
          "c": {
            "a": 0,
            "k": [
              1,
              1,
              0.745098039216,
              1
            ],
            "ix": 5
          },
          "o": {
            "a": 0,
            "k": 75,
            "ix": 2
          },
          "s": {
            "a": 0,
            "k": 5,
            "ix": 11
          },
          "r": {
            "a": 0,
            "k": 50,
            "ix": 12
          },
          "sr": {
            "a": 0,
            "k": 1,
            "ix": 9
          },
          "ch": {
            "a": 0,
            "k": 0,
            "ix": 10
          },
          "bm": {
            "a": 0,
            "k": 11,
            "ix": 1
          },
          "no": {
            "a": 0,
            "k": 0,
            "ix": 3
          },
          "j": {
            "a": 0,
            "k": 0,
            "ix": 13
          },
          "ty": 4,
          "nm": "Inner Glow"
        },
        {
          "c": {
            "a": 0,
            "k": [
              1,
              0,
              0,
              1
            ],
            "ix": 2
          },
          "s": {
            "a": 0,
            "k": 3,
            "ix": 3
          },
          "ty": 0,
          "nm": "Stroke"
        }
      ],
      "shapes": [
        {
          "ty": "gr",
          "it": [
            {
              "ind": 0,
              "ty": "sh",
              "ix": 1,
              "ks": {
                "a": 0,
                "k": {
                  "i": [
                    [
                      0,
                      0
                    ],
                    [
                      0,
                      0
                    ]
                  ],
                  "o": [
                    [
                      0,
                      0
                    ],
                    [
                      0,
                      0
                    ]
                  ],
                  "v": [
                    [
                      15,
                      15
                    ],
                    [
                      15,
                      15.521
                    ]
                  ],
                  "c": false
                },
                "ix": 2
              },
              "nm": "Path 1",
              "mn": "ADBE Vector Shape - Group",
              "hd": false
            },
            {
              "ty": "st",
              "c": {
                "a": 0,
                "k": [
                  0.999999820485,
                  0.999999760646,
                  0.999999820485,
                  1
                ],
                "ix": 3
              },
              "o": {
                "a": 0,
                "k": 100,
                "ix": 4
              },
              "w": {
                "a": 0,
                "k": 30,
                "ix": 5
              },
              "lc": 2,
              "lj": 2,
              "bm": 0,
              "nm": "Stroke 1",
              "mn": "ADBE Vector Graphic - Stroke",
              "hd": false
            },
            {
              "ty": "tr",
              "p": {
                "a": 0,
                "k": [
                  0,
                  0
                ],
                "ix": 2
              },
              "a": {
                "a": 0,
                "k": [
                  0,
                  0
                ],
                "ix": 1
              },
              "s": {
                "a": 0,
                "k": [
                  100,
                  100
                ],
                "ix": 3
              },
              "r": {
                "a": 0,
                "k": 0,
                "ix": 6
              },
              "o": {
                "a": 0,
                "k": 100,
                "ix": 7
              },
              "sk": {
                "a": 0,
                "k": 0,
                "ix": 4
              },
              "sa": {
                "a": 0,
                "k": 0,
                "ix": 5
              },
              "nm": "Transform"
            }
          ],
          "nm": "Group 1",
          "np": 2,
          "cix": 2,
          "bm": 0,
          "ix": 1,
          "mn": "ADBE Vector Group",
          "hd": false
        },
        {
          "ty": "gr",
          "it": [
            {
              "ind": 0,
              "ty": "sh",
              "ix": 1,
              "ks": {
                "a": 0,
                "k": {
                  "i": [
                    [
                      0,
                      0
                    ],
                    [
                      0,
                      0
                    ]
                  ],
                  "o": [
                    [
                      0,
                      0
                    ],
                    [
                      0,
                      0
                    ]
                  ],
                  "v": [
                    [
                      15,
                      15.521
                    ],
                    [
                      15,
                      15
                    ]
                  ],
                  "c": true
                },
                "ix": 2
              },
              "nm": "Path 1",
              "mn": "ADBE Vector Shape - Group",
              "hd": false
            },
            {
              "ty": "fl",
              "c": {
                "a": 0,
                "k": [
                  0.9647058823529412,
                  0.7333333333333333,
                  0.03137254901960784,
                  1
                ],
                "ix": 4
              },
              "o": {
                "a": 0,
                "k": 100,
                "ix": 5
              },
              "r": 1,
              "bm": 0,
              "nm": "Fill 1",
              "mn": "ADBE Vector Graphic - Fill",
              "hd": false
            },
            {
              "ty": "tr",
              "p": {
                "a": 0,
                "k": [
                  0,
                  0
                ],
                "ix": 2
              },
              "a": {
                "a": 0,
                "k": [
                  0,
                  0
                ],
                "ix": 1
              },
              "s": {
                "a": 0,
                "k": [
                  100,
                  100
                ],
                "ix": 3
              },
              "r": {
                "a": 0,
                "k": 0,
                "ix": 6
              },
              "o": {
                "a": 0,
                "k": 100,
                "ix": 7
              },
              "sk": {
                "a": 0,
                "k": 0,
                "ix": 4
              },
              "sa": {
                "a": 0,
                "k": 0,
                "ix": 5
              },
              "nm": "Transform"
            }
          ],
          "nm": "Group 2",
          "np": 2,
          "cix": 2,
          "bm": 0,
          "ix": 2,
          "mn": "ADBE Vector Group",
          "hd": false
        }
      ],
      "ip": 0,
      "op": 75.0000030548126,
      "st": 0,
      "bm": 0
    },
    {
      "ddd": 0,
      "ind": 2,
      "ty": 4,
      "nm": "line Outlines",
      "sr": 1,
      "ks": {
        "o": {
          "a": 0,
          "k": 100,
          "ix": 11
        },
        "r": {
          "a": 0,
          "k": 0,
          "ix": 10
        },
        "p": {
          "a": 0,
          "k": [
            184.555,
            156.666,
            0
          ],
          "ix": 2
        },
        "a": {
          "a": 0,
          "k": [
            14,
            85,
            0
          ],
          "ix": 1
        },
        "s": {
          "a": 0,
          "k": [
            100,
            100,
            100
          ],
          "ix": 6
        }
      },
      "ao": 0,
      "sy": [
        {
          "c": {
            "a": 0,
            "k": [
              0,
              0,
              0,
              1
            ],
            "ix": 2
          },
          "o": {
            "a": 0,
            "k": 75,
            "ix": 3
          },
          "a": {
            "a": 0,
            "k": 120,
            "ix": 5
          },
          "s": {
            "a": 0,
            "k": 5,
            "ix": 8
          },
          "d": {
            "a": 0,
            "k": 5,
            "ix": 6
          },
          "ch": {
            "a": 0,
            "k": 0,
            "ix": 7
          },
          "bm": {
            "a": 0,
            "k": 5,
            "ix": 1
          },
          "no": {
            "a": 0,
            "k": 0,
            "ix": 9
          },
          "lc": {
            "a": 0,
            "k": 1,
            "ix": 10
          },
          "ty": 1,
          "nm": "Drop Shadow"
        },
        {
          "c": {
            "a": 0,
            "k": [
              0,
              0,
              0,
              1
            ],
            "ix": 2
          },
          "o": {
            "a": 0,
            "k": 75,
            "ix": 3
          },
          "a": {
            "a": 0,
            "k": 120,
            "ix": 5
          },
          "s": {
            "a": 0,
            "k": 5,
            "ix": 8
          },
          "d": {
            "a": 0,
            "k": 5,
            "ix": 6
          },
          "ch": {
            "a": 0,
            "k": 0,
            "ix": 7
          },
          "bm": {
            "a": 0,
            "k": 5,
            "ix": 1
          },
          "no": {
            "a": 0,
            "k": 0,
            "ix": 9
          },
          "ty": 2,
          "nm": "Inner Shadow"
        },
        {
          "c": {
            "a": 0,
            "k": [
              1,
              1,
              0.745098039216,
              1
            ],
            "ix": 5
          },
          "o": {
            "a": 0,
            "k": 75,
            "ix": 2
          },
          "s": {
            "a": 0,
            "k": 5,
            "ix": 10
          },
          "r": {
            "a": 0,
            "k": 50,
            "ix": 11
          },
          "ch": {
            "a": 0,
            "k": 0,
            "ix": 9
          },
          "bm": {
            "a": 0,
            "k": 11,
            "ix": 1
          },
          "no": {
            "a": 0,
            "k": 0,
            "ix": 3
          },
          "j": {
            "a": 0,
            "k": 0,
            "ix": 12
          },
          "ty": 3,
          "nm": "Outer Glow"
        },
        {
          "c": {
            "a": 0,
            "k": [
              1,
              1,
              0.745098039216,
              1
            ],
            "ix": 5
          },
          "o": {
            "a": 0,
            "k": 75,
            "ix": 2
          },
          "s": {
            "a": 0,
            "k": 5,
            "ix": 11
          },
          "r": {
            "a": 0,
            "k": 50,
            "ix": 12
          },
          "sr": {
            "a": 0,
            "k": 1,
            "ix": 9
          },
          "ch": {
            "a": 0,
            "k": 0,
            "ix": 10
          },
          "bm": {
            "a": 0,
            "k": 11,
            "ix": 1
          },
          "no": {
            "a": 0,
            "k": 0,
            "ix": 3
          },
          "j": {
            "a": 0,
            "k": 0,
            "ix": 13
          },
          "ty": 4,
          "nm": "Inner Glow"
        },
        {
          "c": {
            "a": 0,
            "k": [
              1,
              0,
              0,
              1
            ],
            "ix": 2
          },
          "s": {
            "a": 0,
            "k": 3,
            "ix": 3
          },
          "ty": 0,
          "nm": "Stroke"
        }
      ],
      "shapes": [
        {
          "ty": "gr",
          "it": [
            {
              "ind": 0,
              "ty": "sh",
              "ix": 1,
              "ks": {
                "a": 0,
                "k": {
                  "i": [
                    [
                      0,
                      0
                    ],
                    [
                      0,
                      0
                    ]
                  ],
                  "o": [
                    [
                      0,
                      0
                    ],
                    [
                      0,
                      0
                    ]
                  ],
                  "v": [
                    [
                      14,
                      14
                    ],
                    [
                      14,
                      156
                    ]
                  ],
                  "c": false
                },
                "ix": 2
              },
              "nm": "Path 1",
              "mn": "ADBE Vector Shape - Group",
              "hd": false
            },
            {
              "ty": "st",
              "c": {
                "a": 0,
                "k": [
                  0.999999820485,
                  0.999999760646,
                  0.999999820485,
                  1
                ],
                "ix": 3
              },
              "o": {
                "a": 0,
                "k": 100,
                "ix": 4
              },
              "w": {
                "a": 0,
                "k": 28,
                "ix": 5
              },
              "lc": 2,
              "lj": 2,
              "bm": 0,
              "nm": "Stroke 1",
              "mn": "ADBE Vector Graphic - Stroke",
              "hd": false
            },
            {
              "ty": "tr",
              "p": {
                "a": 0,
                "k": [
                  0,
                  0
                ],
                "ix": 2
              },
              "a": {
                "a": 0,
                "k": [
                  0,
                  0
                ],
                "ix": 1
              },
              "s": {
                "a": 0,
                "k": [
                  100,
                  100
                ],
                "ix": 3
              },
              "r": {
                "a": 0,
                "k": 0,
                "ix": 6
              },
              "o": {
                "a": 0,
                "k": 100,
                "ix": 7
              },
              "sk": {
                "a": 0,
                "k": 0,
                "ix": 4
              },
              "sa": {
                "a": 0,
                "k": 0,
                "ix": 5
              },
              "nm": "Transform"
            }
          ],
          "nm": "Group 1",
          "np": 2,
          "cix": 2,
          "bm": 0,
          "ix": 1,
          "mn": "ADBE Vector Group",
          "hd": false
        },
        {
          "ty": "gr",
          "it": [
            {
              "ind": 0,
              "ty": "sh",
              "ix": 1,
              "ks": {
                "a": 0,
                "k": {
                  "i": [
                    [
                      0,
                      0
                    ],
                    [
                      0,
                      0
                    ]
                  ],
                  "o": [
                    [
                      0,
                      0
                    ],
                    [
                      0,
                      0
                    ]
                  ],
                  "v": [
                    [
                      14,
                      156
                    ],
                    [
                      14,
                      14.001
                    ]
                  ],
                  "c": true
                },
                "ix": 2
              },
              "nm": "Path 1",
              "mn": "ADBE Vector Shape - Group",
              "hd": false
            },
            {
              "ty": "fl",
              "c": {
                "a": 0,
                "k": [
                  0.9647058823529412,
                  0.7333333333333333,
                  0.03137254901960784,
                  1
                ],
                "ix": 4
              },
              "o": {
                "a": 0,
                "k": 100,
                "ix": 5
              },
              "r": 1,
              "bm": 0,
              "nm": "Fill 1",
              "mn": "ADBE Vector Graphic - Fill",
              "hd": false
            },
            {
              "ty": "tr",
              "p": {
                "a": 0,
                "k": [
                  0,
                  0
                ],
                "ix": 2
              },
              "a": {
                "a": 0,
                "k": [
                  0,
                  0
                ],
                "ix": 1
              },
              "s": {
                "a": 0,
                "k": [
                  100,
                  100
                ],
                "ix": 3
              },
              "r": {
                "a": 0,
                "k": 0,
                "ix": 6
              },
              "o": {
                "a": 0,
                "k": 100,
                "ix": 7
              },
              "sk": {
                "a": 0,
                "k": 0,
                "ix": 4
              },
              "sa": {
                "a": 0,
                "k": 0,
                "ix": 5
              },
              "nm": "Transform"
            }
          ],
          "nm": "Group 2",
          "np": 2,
          "cix": 2,
          "bm": 0,
          "ix": 2,
          "mn": "ADBE Vector Group",
          "hd": false
        },
        {
          "ty": "tm",
          "s": {
            "a": 0,
            "k": 0,
            "ix": 1
          },
          "e": {
            "a": 1,
            "k": [
              {
                "i": {
                  "x": [
                    0.833
                  ],
                  "y": [
                    0.833
                  ]
                },
                "o": {
                  "x": [
                    0.167
                  ],
                  "y": [
                    0.167
                  ]
                },
                "t": 0,
                "s": [
                  0
                ]
              },
              {
                "i": {
                  "x": [
                    0.833
                  ],
                  "y": [
                    0.833
                  ]
                },
                "o": {
                  "x": [
                    0.167
                  ],
                  "y": [
                    0.167
                  ]
                },
                "t": 25,
                "s": [
                  0
                ]
              },
              {
                "t": 30.0000012219251,
                "s": [
                  100
                ]
              }
            ],
            "ix": 2
          },
          "o": {
            "a": 0,
            "k": 0,
            "ix": 3
          },
          "m": 1,
          "ix": 3,
          "nm": "Trim Paths 1",
          "mn": "ADBE Vector Filter - Trim",
          "hd": false
        }
      ],
      "ip": 0,
      "op": 240.0000097754,
      "st": 0,
      "bm": 0
    },
    {
      "ddd": 0,
      "ind": 3,
      "ty": 4,
      "nm": "bg_stroke Outlines",
      "sr": 1,
      "ks": {
        "o": {
          "a": 0,
          "k": 100,
          "ix": 11
        },
        "r": {
          "a": 0,
          "k": 0,
          "ix": 10
        },
        "p": {
          "a": 0,
          "k": [
            184.555,
            184.556,
            0
          ],
          "ix": 2
        },
        "a": {
          "a": 0,
          "k": [
            226.555,
            226.555,
            0
          ],
          "ix": 1
        },
        "s": {
          "a": 1,
          "k": [
            {
              "i": {
                "x": [
                  0.833,
                  0.833,
                  0.833
                ],
                "y": [
                  0.833,
                  0.833,
                  0.833
                ]
              },
              "o": {
                "x": [
                  0.167,
                  0.167,
                  0.167
                ],
                "y": [
                  0.167,
                  0.167,
                  0.167
                ]
              },
              "t": 0,
              "s": [
                0,
                0,
                100
              ]
            },
            {
              "i": {
                "x": [
                  0.833,
                  0.833,
                  0.833
                ],
                "y": [
                  0.833,
                  0.833,
                  0.833
                ]
              },
              "o": {
                "x": [
                  0.167,
                  0.167,
                  0.167
                ],
                "y": [
                  0.167,
                  0.167,
                  0.167
                ]
              },
              "t": 10,
              "s": [
                50,
                50,
                100
              ]
            },
            {
              "t": 20.0000008146167,
              "s": [
                100,
                100,
                100
              ]
            }
          ],
          "ix": 6
        }
      },
      "ao": 0,
      "sy": [
        {
          "c": {
            "a": 0,
            "k": [
              0,
              0,
              0,
              1
            ],
            "ix": 2
          },
          "o": {
            "a": 0,
            "k": 75,
            "ix": 3
          },
          "a": {
            "a": 0,
            "k": 120,
            "ix": 5
          },
          "s": {
            "a": 0,
            "k": 5,
            "ix": 8
          },
          "d": {
            "a": 0,
            "k": 5,
            "ix": 6
          },
          "ch": {
            "a": 0,
            "k": 0,
            "ix": 7
          },
          "bm": {
            "a": 0,
            "k": 5,
            "ix": 1
          },
          "no": {
            "a": 0,
            "k": 0,
            "ix": 9
          },
          "lc": {
            "a": 0,
            "k": 1,
            "ix": 10
          },
          "ty": 1,
          "nm": "Drop Shadow"
        },
        {
          "c": {
            "a": 0,
            "k": [
              0,
              0,
              0,
              1
            ],
            "ix": 2
          },
          "o": {
            "a": 0,
            "k": 75,
            "ix": 3
          },
          "a": {
            "a": 0,
            "k": 120,
            "ix": 5
          },
          "s": {
            "a": 0,
            "k": 5,
            "ix": 8
          },
          "d": {
            "a": 0,
            "k": 5,
            "ix": 6
          },
          "ch": {
            "a": 0,
            "k": 0,
            "ix": 7
          },
          "bm": {
            "a": 0,
            "k": 5,
            "ix": 1
          },
          "no": {
            "a": 0,
            "k": 0,
            "ix": 9
          },
          "ty": 2,
          "nm": "Inner Shadow"
        },
        {
          "c": {
            "a": 0,
            "k": [
              1,
              1,
              0.745098039216,
              1
            ],
            "ix": 5
          },
          "o": {
            "a": 0,
            "k": 75,
            "ix": 2
          },
          "s": {
            "a": 0,
            "k": 5,
            "ix": 10
          },
          "r": {
            "a": 0,
            "k": 50,
            "ix": 11
          },
          "ch": {
            "a": 0,
            "k": 0,
            "ix": 9
          },
          "bm": {
            "a": 0,
            "k": 11,
            "ix": 1
          },
          "no": {
            "a": 0,
            "k": 0,
            "ix": 3
          },
          "j": {
            "a": 0,
            "k": 0,
            "ix": 12
          },
          "ty": 3,
          "nm": "Outer Glow"
        },
        {
          "c": {
            "a": 0,
            "k": [
              1,
              1,
              0.745098039216,
              1
            ],
            "ix": 5
          },
          "o": {
            "a": 0,
            "k": 75,
            "ix": 2
          },
          "s": {
            "a": 0,
            "k": 5,
            "ix": 11
          },
          "r": {
            "a": 0,
            "k": 50,
            "ix": 12
          },
          "sr": {
            "a": 0,
            "k": 1,
            "ix": 9
          },
          "ch": {
            "a": 0,
            "k": 0,
            "ix": 10
          },
          "bm": {
            "a": 0,
            "k": 11,
            "ix": 1
          },
          "no": {
            "a": 0,
            "k": 0,
            "ix": 3
          },
          "j": {
            "a": 0,
            "k": 0,
            "ix": 13
          },
          "ty": 4,
          "nm": "Inner Glow"
        },
        {
          "c": {
            "a": 0,
            "k": [
              1,
              0,
              0,
              1
            ],
            "ix": 2
          },
          "s": {
            "a": 0,
            "k": 3,
            "ix": 3
          },
          "ty": 0,
          "nm": "Stroke"
        }
      ],
      "shapes": [
        {
          "ty": "gr",
          "it": [
            {
              "ind": 0,
              "ty": "sh",
              "ix": 1,
              "ks": {
                "a": 0,
                "k": {
                  "i": [
                    [
                      0,
                      -96.128
                    ],
                    [
                      96.128,
                      0
                    ],
                    [
                      0,
                      96.128
                    ],
                    [
                      -96.128,
                      0
                    ]
                  ],
                  "o": [
                    [
                      0,
                      96.128
                    ],
                    [
                      -96.128,
                      0
                    ],
                    [
                      0,
                      -96.128
                    ],
                    [
                      96.128,
                      0
                    ]
                  ],
                  "v": [
                    [
                      174.055,
                      0
                    ],
                    [
                      -0.001,
                      174.055
                    ],
                    [
                      -174.055,
                      0
                    ],
                    [
                      -0.001,
                      -174.055
                    ]
                  ],
                  "c": true
                },
                "ix": 2
              },
              "nm": "Path 1",
              "mn": "ADBE Vector Shape - Group",
              "hd": false
            },
            {
              "ty": "fl",
              "c": {
                "a": 0,
                "k": [
                  0.9647058823529412,
                  0.7333333333333333,
                  0.03137254901960784,
                  1
                ],
                "ix": 4
              },
              "o": {
                "a": 0,
                "k": 100,
                "ix": 5
              },
              "r": 1,
              "bm": 0,
              "nm": "Fill 1",
              "mn": "ADBE Vector Graphic - Fill",
              "hd": false
            },
            {
              "ty": "tr",
              "p": {
                "a": 0,
                "k": [
                  226.555,
                  226.555
                ],
                "ix": 2
              },
              "a": {
                "a": 0,
                "k": [
                  0,
                  0
                ],
                "ix": 1
              },
              "s": {
                "a": 0,
                "k": [
                  100,
                  100
                ],
                "ix": 3
              },
              "r": {
                "a": 0,
                "k": 0,
                "ix": 6
              },
              "o": {
                "a": 0,
                "k": 100,
                "ix": 7
              },
              "sk": {
                "a": 0,
                "k": 0,
                "ix": 4
              },
              "sa": {
                "a": 0,
                "k": 0,
                "ix": 5
              },
              "nm": "Transform"
            }
          ],
          "nm": "Group 1",
          "np": 2,
          "cix": 2,
          "bm": 0,
          "ix": 1,
          "mn": "ADBE Vector Group",
          "hd": false
        }
      ],
      "ip": 0,
      "op": 240.0000097754,
      "st": 0,
      "bm": 0
    },
    {
      "ddd": 0,
      "ind": 4,
      "ty": 4,
      "nm": "bg Outlines",
      "sr": 1,
      "ks": {
        "o": {
          "a": 0,
          "k": 100,
          "ix": 11
        },
        "r": {
          "a": 0,
          "k": 0,
          "ix": 10
        },
        "p": {
          "a": 0,
          "k": [
            184.555,
            184.556,
            0
          ],
          "ix": 2
        },
        "a": {
          "a": 0,
          "k": [
            226.555,
            226.555,
            0
          ],
          "ix": 1
        },
        "s": {
          "a": 0,
          "k": [
            100,
            100,
            100
          ],
          "ix": 6
        }
      },
      "ao": 0,
      "sy": [
        {
          "c": {
            "a": 0,
            "k": [
              0,
              0,
              0,
              1
            ],
            "ix": 2
          },
          "o": {
            "a": 0,
            "k": 75,
            "ix": 3
          },
          "a": {
            "a": 0,
            "k": 120,
            "ix": 5
          },
          "s": {
            "a": 0,
            "k": 5,
            "ix": 8
          },
          "d": {
            "a": 0,
            "k": 5,
            "ix": 6
          },
          "ch": {
            "a": 0,
            "k": 0,
            "ix": 7
          },
          "bm": {
            "a": 0,
            "k": 5,
            "ix": 1
          },
          "no": {
            "a": 0,
            "k": 0,
            "ix": 9
          },
          "lc": {
            "a": 0,
            "k": 1,
            "ix": 10
          },
          "ty": 1,
          "nm": "Drop Shadow"
        },
        {
          "c": {
            "a": 0,
            "k": [
              0,
              0,
              0,
              1
            ],
            "ix": 2
          },
          "o": {
            "a": 0,
            "k": 75,
            "ix": 3
          },
          "a": {
            "a": 0,
            "k": 120,
            "ix": 5
          },
          "s": {
            "a": 0,
            "k": 5,
            "ix": 8
          },
          "d": {
            "a": 0,
            "k": 5,
            "ix": 6
          },
          "ch": {
            "a": 0,
            "k": 0,
            "ix": 7
          },
          "bm": {
            "a": 0,
            "k": 5,
            "ix": 1
          },
          "no": {
            "a": 0,
            "k": 0,
            "ix": 9
          },
          "ty": 2,
          "nm": "Inner Shadow"
        },
        {
          "c": {
            "a": 0,
            "k": [
              1,
              1,
              0.745098039216,
              1
            ],
            "ix": 5
          },
          "o": {
            "a": 0,
            "k": 75,
            "ix": 2
          },
          "s": {
            "a": 0,
            "k": 5,
            "ix": 10
          },
          "r": {
            "a": 0,
            "k": 50,
            "ix": 11
          },
          "ch": {
            "a": 0,
            "k": 0,
            "ix": 9
          },
          "bm": {
            "a": 0,
            "k": 11,
            "ix": 1
          },
          "no": {
            "a": 0,
            "k": 0,
            "ix": 3
          },
          "j": {
            "a": 0,
            "k": 0,
            "ix": 12
          },
          "ty": 3,
          "nm": "Outer Glow"
        },
        {
          "c": {
            "a": 0,
            "k": [
              1,
              1,
              0.745098039216,
              1
            ],
            "ix": 5
          },
          "o": {
            "a": 0,
            "k": 75,
            "ix": 2
          },
          "s": {
            "a": 0,
            "k": 5,
            "ix": 11
          },
          "r": {
            "a": 0,
            "k": 50,
            "ix": 12
          },
          "sr": {
            "a": 0,
            "k": 1,
            "ix": 9
          },
          "ch": {
            "a": 0,
            "k": 0,
            "ix": 10
          },
          "bm": {
            "a": 0,
            "k": 11,
            "ix": 1
          },
          "no": {
            "a": 0,
            "k": 0,
            "ix": 3
          },
          "j": {
            "a": 0,
            "k": 0,
            "ix": 13
          },
          "ty": 4,
          "nm": "Inner Glow"
        },
        {
          "c": {
            "a": 0,
            "k": [
              1,
              0,
              0,
              1
            ],
            "ix": 2
          },
          "s": {
            "a": 0,
            "k": 3,
            "ix": 3
          },
          "ty": 0,
          "nm": "Stroke"
        }
      ],
      "shapes": [
        {
          "ty": "gr",
          "it": [
            {
              "ind": 0,
              "ty": "sh",
              "ix": 1,
              "ks": {
                "a": 0,
                "k": {
                  "i": [
                    [
                      0,
                      -96.128
                    ],
                    [
                      96.128,
                      0
                    ],
                    [
                      0,
                      96.128
                    ],
                    [
                      -96.128,
                      0
                    ]
                  ],
                  "o": [
                    [
                      0,
                      96.128
                    ],
                    [
                      -96.128,
                      0
                    ],
                    [
                      0,
                      -96.128
                    ],
                    [
                      96.128,
                      0
                    ]
                  ],
                  "v": [
                    [
                      174.055,
                      0
                    ],
                    [
                      -0.001,
                      174.055
                    ],
                    [
                      -174.055,
                      0
                    ],
                    [
                      -0.001,
                      -174.055
                    ]
                  ],
                  "c": true
                },
                "ix": 2
              },
              "nm": "Path 1",
              "mn": "ADBE Vector Shape - Group",
              "hd": false
            },
            {
              "ty": "st",
              "c": {
                "a": 0,
                "k": [
                  0.8156862745098039,
                  0.00784313725490196,
                  0.10588235294117647,
                  1
                ],
                "ix": 3
              },
              "o": {
                "a": 0,
                "k": 100,
                "ix": 4
              },
              "w": {
                "a": 0,
                "k": 21,
                "ix": 5
              },
              "lc": 1,
              "lj": 1,
              "ml": 10,
              "bm": 0,
              "nm": "Stroke 1",
              "mn": "ADBE Vector Graphic - Stroke",
              "hd": false
            },
            {
              "ty": "tr",
              "p": {
                "a": 0,
                "k": [
                  226.555,
                  226.555
                ],
                "ix": 2
              },
              "a": {
                "a": 0,
                "k": [
                  0,
                  0
                ],
                "ix": 1
              },
              "s": {
                "a": 0,
                "k": [
                  100,
                  100
                ],
                "ix": 3
              },
              "r": {
                "a": 0,
                "k": 0,
                "ix": 6
              },
              "o": {
                "a": 0,
                "k": 100,
                "ix": 7
              },
              "sk": {
                "a": 0,
                "k": 0,
                "ix": 4
              },
              "sa": {
                "a": 0,
                "k": 0,
                "ix": 5
              },
              "nm": "Transform"
            }
          ],
          "nm": "Group 1",
          "np": 2,
          "cix": 2,
          "bm": 0,
          "ix": 1,
          "mn": "ADBE Vector Group",
          "hd": false
        },
        {
          "ty": "tm",
          "s": {
            "a": 0,
            "k": 0,
            "ix": 1
          },
          "e": {
            "a": 1,
            "k": [
              {
                "i": {
                  "x": [
                    0.833
                  ],
                  "y": [
                    0.833
                  ]
                },
                "o": {
                  "x": [
                    0.167
                  ],
                  "y": [
                    0.167
                  ]
                },
                "t": 0,
                "s": [
                  0
                ]
              },
              {
                "i": {
                  "x": [
                    0.833
                  ],
                  "y": [
                    0.833
                  ]
                },
                "o": {
                  "x": [
                    0.167
                  ],
                  "y": [
                    0.167
                  ]
                },
                "t": 10,
                "s": [
                  0
                ]
              },
              {
                "t": 20.0000008146167,
                "s": [
                  100
                ]
              }
            ],
            "ix": 2
          },
          "o": {
            "a": 0,
            "k": 0,
            "ix": 3
          },
          "m": 1,
          "ix": 2,
          "nm": "Trim Paths 1",
          "mn": "ADBE Vector Filter - Trim",
          "hd": false
        }
      ],
      "ip": 0,
      "op": 240.0000097754,
      "st": 0,
      "bm": 0
    }
  ],
  "markers": []
}