{"assets/animation_files/.DS_Store":["assets/animation_files/.DS_Store"],"assets/animation_files/arrow_down.json":["assets/animation_files/arrow_down.json"],"assets/animation_files/done.json":["assets/animation_files/done.json"],"assets/animation_files/error.json":["assets/animation_files/error.json"],"assets/animation_files/qrcode_scan.json":["assets/animation_files/qrcode_scan.json"],"assets/animation_files/scan_nfc.json":["assets/animation_files/scan_nfc.json"],"assets/animation_files/warning.json":["assets/animation_files/warning.json"],"assets/data/transactions.json":["assets/data/transactions.json"],"assets/images/.DS_Store":["assets/images/.DS_Store"],"assets/images/apple.png":["assets/images/apple.png"],"assets/images/bill.png":["assets/images/bill.png"],"assets/images/capsys.png":["assets/images/capsys.png"],"assets/images/cart.png":["assets/images/cart.png"],"assets/images/cart_512.png":["assets/images/cart_512.png"],"assets/images/clothes.png":["assets/images/clothes.png"],"assets/images/coffee.png":["assets/images/coffee.png"],"assets/images/electricity-utility-bill.png":["assets/images/electricity-utility-bill.png"],"assets/images/food2.png":["assets/images/food2.png"],"assets/images/grocery.png":["assets/images/grocery.png"],"assets/images/grocery2.png":["assets/images/grocery2.png"],"assets/images/pay.png":["assets/images/pay.png"],"assets/images/payment.png":["assets/images/payment.png"],"assets/images/payment_mc.png":["assets/images/payment_mc.png"],"assets/images/restaurant.png":["assets/images/restaurant.png"],"assets/images/utilities.png":["assets/images/utilities.png"],"assets/translations/en.json":["assets/translations/en.json"],"assets/translations/hu.json":["assets/translations/hu.json"],"packages/cupertino_icons/assets/CupertinoIcons.ttf":["packages/cupertino_icons/assets/CupertinoIcons.ttf"],"packages/easy_localization/i18n/ar-DZ.json":["packages/easy_localization/i18n/ar-DZ.json"],"packages/easy_localization/i18n/ar.json":["packages/easy_localization/i18n/ar.json"],"packages/easy_localization/i18n/en-US.json":["packages/easy_localization/i18n/en-US.json"],"packages/easy_localization/i18n/en.json":["packages/easy_localization/i18n/en.json"],"packages/flutter_icons/fonts/AntDesign.ttf":["packages/flutter_icons/fonts/AntDesign.ttf"],"packages/flutter_icons/fonts/Entypo.ttf":["packages/flutter_icons/fonts/Entypo.ttf"],"packages/flutter_icons/fonts/EvilIcons.ttf":["packages/flutter_icons/fonts/EvilIcons.ttf"],"packages/flutter_icons/fonts/Feather.ttf":["packages/flutter_icons/fonts/Feather.ttf"],"packages/flutter_icons/fonts/FontAwesome.ttf":["packages/flutter_icons/fonts/FontAwesome.ttf"],"packages/flutter_icons/fonts/FontAwesome5_Brands.ttf":["packages/flutter_icons/fonts/FontAwesome5_Brands.ttf"],"packages/flutter_icons/fonts/FontAwesome5_Regular.ttf":["packages/flutter_icons/fonts/FontAwesome5_Regular.ttf"],"packages/flutter_icons/fonts/FontAwesome5_Solid.ttf":["packages/flutter_icons/fonts/FontAwesome5_Solid.ttf"],"packages/flutter_icons/fonts/Foundation.ttf":["packages/flutter_icons/fonts/Foundation.ttf"],"packages/flutter_icons/fonts/Ionicons.ttf":["packages/flutter_icons/fonts/Ionicons.ttf"],"packages/flutter_icons/fonts/MaterialCommunityIcons.ttf":["packages/flutter_icons/fonts/MaterialCommunityIcons.ttf"],"packages/flutter_icons/fonts/MaterialIcons.ttf":["packages/flutter_icons/fonts/MaterialIcons.ttf"],"packages/flutter_icons/fonts/Octicons.ttf":["packages/flutter_icons/fonts/Octicons.ttf"],"packages/flutter_icons/fonts/SimpleLineIcons.ttf":["packages/flutter_icons/fonts/SimpleLineIcons.ttf"],"packages/flutter_icons/fonts/Zocial.ttf":["packages/flutter_icons/fonts/Zocial.ttf"],"packages/flutter_icons/fonts/weathericons.ttf":["packages/flutter_icons/fonts/weathericons.ttf"]}