[
  {
    "payeeName": "Fitzhuber Dongó Bt.",
    "payeeIBAN": "10454522-60526871-49710000",
    "currency": "EUR",
    "information": "buying",
    "purposeCode": "GDDS",
    "type": "nfc",
    "amount": 3876,
    "status": "successful",
    "date": "2022-06-13 14:43"
  },
  {
    "payeeName": "Szoláris Gesztenye Kft.",
    "payeeIBAN": "11793206-59210903-00000000",
    "currency": "HUF",
    "information": "buying",
    "purposeCode": "UBIL",
    "type": "qrCode",
    "amount": 7438,
    "status": "successful",
    "date": "2022-06-11 09:22"
  },
  {
    "payeeName": "Fehér dinnye Bt.",
    "payeeIBAN": "10948395-92850390-12394000",
    "currency": "HUF",
    "information": "buying",
    "purposeCode": "GDDS",
    "type": "qrCode",
    "amount": 13943,
    "status": "failed",
    "date": "2022-06-10 16:27"
  },
  {
    "payeeName": "Északi mennydörgés Kft.",
    "payeeIBAN": "10395843-09380012-00403680",
    "currency": "USD",
    "information": "buying",
    "purposeCode": "GDDS",
    "type": "qrCode",
    "amount": 754,
    "status": "successful",
    "date": "2022-06-09 22:31"
  },
  {
    "payeeName": "Északi mennydörgés Kft.",
    "payeeIBAN": "11400504-03840020-32004327",
    "currency": "USD",
    "information": "buying",
    "purposeCode": "UBIL",
    "type": "qrCode",
    "amount": 8934,
    "status": "failed",
    "date": "2022-06-09 22:31"
  },
  {
    "payeeName": "Szoláris Gesztenye Kft.",
    "payeeIBAN": "11793206-59210903-00000000",
    "currency": "HUF",
    "information": "buying",
    "purposeCode": "UBIL",
    "type": "nfc",
    "amount": 2378,
    "status": "failed",
    "date": "2022-06-08 11:05"
  },
  {
    "payeeName": "Fitzhuber Dongó Bt.",
    "payeeIBAN": "10454522-60526871-49710000",
    "currency": "EUR",
    "information": "buying",
    "purposeCode": "GDDS",
    "type": "nfc",
    "amount": 6821,
    "status": "successful",
    "date": "2022-06-08 09:43"
  }
]